isWeekend,timeOfDay,occupancy,numOfGuests,customerVisitCount,customerAvgSpend,actionType,assignedTableCapacity,wastedSeats,actualDuration,targetQValue
True,13,0.82,4,2,34.76,reject,0,0,65,0.0
True,13,0.84,2,9,64.81,accept,2,0,57,89.92
False,11,1.0,1,5,73.56,accept,4,3,42,20.4
False,13,0.81,4,10,73.96,accept,4,0,43,287.32
False,13,1.0,6,10,85.81,accept,8,2,50,463.25
True,10,0.68,4,6,83.49,accept,4,0,92,292.47
True,18,1.0,4,5,70.79,accept,6,2,71,197.1
False,21,0.79,7,6,55.07,accept,8,1,80,441.83
True,22,0.94,4,3,73.56,accept,4,0,91,314.88
False,13,0.82,5,7,81.72,accept,8,3,57,264.71
True,22,0.93,2,7,75.88,accept,6,4,82,79.91
False,14,0.26,2,0,33.05,accept,2,0,47,64.16
False,13,0.62,6,6,62.6,accept,6,0,65,253.73
False,13,0.82,4,9,58.13,reject,0,0,61,0.0
False,22,0.89,4,4,61.47,accept,4,0,59,226.74
False,12,0.85,4,4,59.25,accept,6,2,45,119.95
False,10,0.81,1,7,72.03,accept,2,1,53,49.29
False,14,0.85,2,6,62.06,accept,6,4,32,72.15
True,20,0.83,8,6,64.16,accept,8,0,114,498.61
False,20,0.66,3,5,71.99,accept,8,5,69,123.82
True,13,0.85,3,9,61.74,accept,4,1,74,111.3
False,14,0.67,1,6,76.2,accept,2,1,32,73.74
False,12,0.7,4,0,19.03,accept,4,0,52,21.67
False,12,0.96,4,6,53.47,reject,0,0,65,0.0
True,10,0.78,8,10,88.8,accept,8,0,101,667.49
True,13,0.85,4,7,41.12,accept,6,2,58,108.42
False,13,0.8,2,10,48.62,accept,6,4,40,-4.09
True,11,0.64,4,4,68.66,accept,8,4,69,185.39
True,19,0.68,8,7,68.03,accept,8,0,92,470.12
True,15,0.87,4,9,50.33,accept,6,2,70,172.16
True,20,0.8,6,5,49.52,reject,0,0,95,0.0
True,12,0.93,4,4,58.54,accept,4,0,78,164.42
True,18,0.92,4,7,51.11,accept,4,0,95,206.33
True,18,1.0,2,1,18.85,reject,0,0,65,0.0
False,12,0.71,5,4,56.73,accept,6,1,51,203.05
True,20,0.6,4,7,60.16,accept,8,4,80,192.8
False,18,0.93,2,5,50.95,accept,4,2,52,57.9
False,9,1.0,4,1,57.45,reject,0,0,65,0.0
True,14,0.74,4,1,59.51,reject,0,0,61,0.0
False,17,0.98,1,9,74.28,reject,0,0,52,0.0
True,12,0.74,4,2,60.86,accept,6,2,62,130.52
False,12,0.51,5,3,55.87,accept,8,3,56,216.95
False,21,0.95,4,5,52.07,accept,4,0,73,180.36
True,9,0.73,2,7,34.2,accept,2,0,68,65.37
False,14,0.29,6,15,31.91,accept,6,0,61,156.88
False,19,0.59,6,10,46.74,accept,8,2,75,295.42
False,21,0.76,8,5,52.55,accept,8,0,96,353.12
False,18,0.89,2,4,57.87,accept,4,2,50,90.36
True,12,0.69,2,8,62.89,accept,4,2,67,28.43
True,20,0.67,1,0,47.57,accept,6,5,58,-77.31
True,12,0.73,4,3,36.91,accept,4,0,76,74.28
False,14,0.82,6,3,61.06,reject,0,0,62,0.0
True,14,0.71,8,10,59.17,accept,8,0,78,437.19
True,16,0.93,2,6,60.31,accept,2,0,76,106.34
False,14,0.64,7,5,42.41,accept,8,1,74,231.5
False,13,0.9,2,2,16.68,reject,0,0,50,0.0
False,13,0.79,1,0,38.7,accept,6,5,37,-80.07
True,15,0.87,5,0,50.32,accept,6,1,87,246.52
True,14,0.57,2,0,67.61,accept,4,2,64,130.93
True,14,0.63,4,9,36.78,accept,4,0,77,160.62
False,18,0.51,6,6,36.96,accept,6,0,65,209.83
False,16,0.49,2,7,47.82,accept,4,2,66,70.14
True,15,0.93,4,4,39.78,reject,0,0,70,0.0
False,12,0.78,6,1,45.0,accept,8,2,72,191.43
True,15,0.83,2,4,34.16,accept,6,4,67,12.17
False,14,0.82,2,5,31.72,reject,0,0,39,0.0
True,12,1.0,5,50,62.04,accept,6,1,79,186.62
False,21,0.86,8,4,33.94,accept,8,0,81,279.08
True,12,0.89,4,8,40.81,accept,4,0,72,98.8
True,18,0.82,2,6,44.69,accept,4,2,76,58.91
True,13,1.0,4,10,50.18,accept,8,4,70,48.39
False,12,0.79,6,8,57.77,reject,0,0,66,0.0
True,12,0.85,6,7,59.04,accept,6,0,77,319.54
True,18,0.79,1,10,50.56,accept,4,3,67,-3.76
False,13,0.84,2,4,49.75,accept,2,0,54,39.03
False,13,0.93,2,9,33.33,reject,0,0,37,0.0
True,14,0.62,2,9,60.81,accept,4,2,68,77.47
False,13,0.78,5,0,21.26,accept,6,1,52,28.48
False,12,0.93,6,6,38.39,accept,6,0,74,131.18
True,21,0.72,5,2,39.48,accept,6,1,89,203.41
False,14,0.78,7,7,36.39,accept,8,1,57,290.64
True,14,1.0,5,1,30.03,accept,6,1,68,130.36
False,13,0.79,8,2,41.46,accept,8,0,62,297.52
True,18,0.75,4,6,42.96,accept,4,0,77,191.45
False,13,0.86,6,1,56.84,accept,6,0,68,277.7
False,14,0.98,5,5,58.95,accept,6,1,51,279.93
True,13,0.94,2,10,40.25,reject,0,0,64,0.0
False,12,0.67,5,1,15.0,accept,8,3,58,-13.3
True,21,0.33,3,0,36.09,accept,4,1,72,97.12
True,21,0.99,2,1,34.24,accept,6,4,82,19.93
True,14,0.63,3,0,42.25,accept,6,3,53,89.1
False,11,0.62,5,8,42.65,accept,6,1,68,190.28
True,13,0.68,5,1,50.94,accept,8,3,64,183.2
True,13,0.58,5,6,46.5,accept,6,1,73,223.91
True,12,0.77,7,3,49.04,accept,8,1,89,283.12
True,18,0.65,5,8,51.79,accept,8,3,82,237.32
True,13,0.81,5,5,41.06,accept,6,1,76,171.13
False,12,0.57,4,4,30.58,accept,8,4,56,69.38
True,13,0.75,5,8,52.73,accept,6,1,71,151.44
False,18,0.72,8,0,26.76,accept,8,0,98,137.99
False,13,0.82,5,8,51.51,accept,6,1,57,182.15
False,20,0.88,5,9,32.83,accept,8,3,76,50.84
True,21,0.71,2,3,46.2,accept,2,0,79,85.29
True,14,0.93,2,4,35.64,accept,2,0,54,79.96
True,16,0.63,2,7,33.05,accept,6,4,66,1.59
True,18,0.63,2,9,27.3,accept,2,0,71,50.17
True,12,0.6,3,10,34.99,accept,4,1,75,84.06
False,18,0.8,2,7,44.33,accept,4,2,48,57.71
True,18,0.52,4,1,44.04,reject,0,0,95,0.0
True,14,0.85,7,10,52.72,reject,0,0,75,0.0
True,19,0.93,1,0,33.34,reject,0,0,74,0.0
False,19,0.64,2,9,31.03,accept,2,0,55,12.64
False,13,0.73,3,10,37.44,accept,4,1,44,68.5
False,13,0.64,3,8,34.55,accept,4,1,59,40.37
True,18,0.7,5,9,33.13,accept,6,1,76,150.91
True,18,0.51,5,9,43.78,accept,8,3,99,182.38
False,13,0.85,3,9,46.66,reject,0,0,39,0.0
True,18,0.68,5,9,34.42,accept,8,3,93,157.06
True,13,0.84,2,1,36.21,accept,2,0,63,12.8
False,12,0.6,5,5,38.03,accept,8,3,58,132.42
False,19,0.64,3,10,28.63,accept,4,1,71,31.63
False,21,0.26,2,20,60.61,reject,0,0,53,0.0
True,13,0.89,5,5,41.67,accept,8,3,67,83.7
True,19,0.54,4,3,50.54,reject,0,0,75,0.0
False,13,0.44,2,8,47.63,accept,2,0,50,112.66
False,18,0.98,2,6,59.74,accept,4,2,63,100.71
False,19,0.66,2,2,28.27,accept,2,0,46,8.72
True,14,0.72,6,4,39.14,reject,0,0,79,0.0
True,21,0.49,3,4,51.77,accept,4,1,69,116.96
True,12,0.89,2,10,32.77,accept,2,0,45,14.14
True,13,0.69,4,3,50.82,accept,4,0,72,121.33
False,21,0.61,6,9,41.03,accept,6,0,80,251.76
True,19,0.83,6,0,24.33,accept,6,0,88,105.56
True,19,0.63,8,7,40.96,accept,8,0,93,238.7
True,18,0.9,1,4,41.82,accept,4,3,55,-4.37
True,19,0.87,2,2,41.32,accept,4,2,83,8.88
False,12,0.85,5,4,33.83,accept,8,3,46,63.42
False,12,0.68,2,3,45.11,accept,4,2,44,27.19
False,12,0.7,6,6,59.05,accept,6,0,60,321.48
True,10,0.57,2,5,38.81,accept,6,4,61,18.16
True,18,0.76,6,7,56.58,accept,8,2,99,254.83
False,21,0.38,6,8,40.67,accept,8,2,68,170.68
False,19,0.8,2,0,50.74,accept,8,6,49,-25.0
False,18,0.66,4,0,17.82,accept,4,0,62,18.92
False,18,0.69,1,8,42.04,accept,4,3,55,2.96
True,19,0.63,1,1,34.99,accept,2,1,72,-25.19
False,18,0.65,3,9,48.31,accept,4,1,65,120.86
False,21,0.69,4,5,43.19,reject,0,0,71,0.0
True,12,0.71,6,2,24.64,accept,6,0,84,120.65
False,19,0.67,1,3,30.74,accept,2,1,42,-34.47
False,12,0.6,8,7,31.59,accept,8,0,82,301.01
True,19,0.62,2,7,43.64,reject,0,0,70,0.0
False,18,0.78,8,4,37.48,reject,0,0,93,0.0
False,21,0.61,2,2,30.11,accept,4,2,49,28.12
False,13,0.78,4,2,38.33,accept,4,0,65,109.27
False,13,0.62,1,5,45.02,accept,6,5,30,-84.52
True,21,0.89,5,9,26.12,accept,8,3,95,79.24
True,15,0.73,4,8,18.08,accept,6,2,74,43.54
True,13,0.77,5,1,39.8,accept,6,1,63,131.6
False,18,0.54,1,10,26.99,accept,4,3,58,-18.76
True,18,0.64,4,5,44.67,accept,4,0,75,156.66
True,13,0.91,4,4,41.83,accept,4,0,56,98.88
False,19,0.64,8,7,44.61,accept,8,0,76,235.65
True,14,0.63,3,8,32.28,accept,8,5,50,9.69
True,14,0.97,5,10,42.92,accept,6,1,74,224.48
False,12,0.82,2,0,31.77,accept,2,0,39,13.4
True,21,0.74,8,3,57.64,accept,8,0,98,412.52
False,13,0.82,2,8,31.47,accept,4,2,42,-13.03
True,12,0.97,2,9,50.84,accept,2,0,66,18.55
True,18,0.75,5,9,39.82,accept,8,3,97,134.57
True,13,0.68,4,4,29.68,accept,8,4,79,25.43
False,13,0.74,4,0,27.31,accept,4,0,54,54.18
True,12,0.62,2,0,40.95,accept,6,4,47,-22.73
False,13,0.52,3,8,38.3,accept,6,3,44,90.67
True,21,0.74,2,3,21.8,accept,2,0,85,36.62
True,19,0.76,1,7,43.32,accept,4,3,75,-43.44
False,12,0.57,4,0,25.83,reject,0,0,46,0.0
False,17,0.55,1,3,36.83,accept,2,1,55,25.53
True,12,0.69,6,8,36.08,accept,8,2,83,115.17
True,12,0.63,6,9,45.94,accept,6,0,84,198.33
True,22,0.85,3,10,38.79,accept,8,5,88,57.37
True,10,0.51,4,7,33.31,accept,4,0,81,138.79
True,21,0.6,4,6,27.62,accept,4,0,92,94.12
False,13,0.52,8,3,23.11,accept,8,0,78,199.31
True,12,0.97,4,1,37.93,accept,4,0,76,27.88
True,12,0.86,2,8,41.26,accept,4,2,51,-8.34
True,21,0.58,4,4,29.56,accept,4,0,81,111.14
False,15,0.35,2,1,50.26,reject,0,0,69,0.0
False,18,0.75,2,3,36.82,accept,4,2,48,50.99
True,12,0.49,4,7,32.49,accept,4,0,63,136.45
False,19,0.67,4,7,36.45,accept,4,0,71,73.21
True,12,0.77,2,9,39.23,accept,4,2,59,13.3
True,18,0.6,2,2,37.11,accept,4,2,84,36.94
True,12,0.95,6,2,45.56,accept,8,2,72,161.43
True,13,0.7,5,5,35.52,accept,8,3,77,65.33
True,19,0.83,4,2,41.5,accept,8,4,73,29.34
False,13,0.67,2,7,35.17,reject,0,0,46,0.0
False,15,0.65,2,3,60.56,accept,4,2,65,114.2
False,16,0.41,4,0,28.54,accept,4,0,74,92.58
False,19,0.58,2,0,16.47,accept,6,4,52,-30.37
True,12,0.5,6,9,43.98,accept,6,0,74,212.64
True,15,0.42,1,6,43.27,accept,2,1,70,28.51
False,15,0.54,2,2,28.71,accept,4,2,57,16.53
False,16,0.48,1,8,33.78,accept,6,5,50,-36.74
True,13,0.58,4,1,38.26,accept,4,0,68,163.2
False,13,0.65,2,8,44.72,accept,8,6,49,-66.4
True,16,0.55,2,7,38.84,reject,0,0,63,0.0
False,15,0.56,1,2,15.0,accept,6,5,61,-58.73
False,12,0.67,2,8,31.34,accept,6,4,45,-43.42
False,13,0.76,6,1,18.6,accept,6,0,62,65.85
True,16,0.75,3,0,40.33,accept,6,3,90,68.42
False,19,0.93,4,4,25.94,accept,6,2,56,-37.52
False,13,0.66,2,2,33.19,accept,4,2,42,-20.9
True,13,0.8,6,7,20.88,accept,8,2,89,34.67
True,12,0.54,6,1,22.08,accept,8,2,90,96.12
False,12,0.47,2,8,34.01,reject,0,0,54,0.0
True,13,0.56,1,6,50.14,accept,6,5,40,-15.29
False,16,0.53,2,2,32.94,accept,2,0,68,73.52
False,13,0.61,1,4,15.0,accept,2,1,35,-52.22
False,13,0.53,5,6,34.56,accept,6,1,69,142.37
False,11,0.36,2,2,26.88,accept,2,0,31,61.2
True,13,0.49,5,10,39.89,accept,8,3,67,138.56
False,11,0.26,4,9,20.16,accept,6,2,54,62.78
False,16,0.43,2,4,33.93,accept,6,4,65,12.05
True,11,0.49,4,7,15.0,accept,6,2,73,26.09
True,18,0.72,2,4,36.61,reject,0,0,78,0.0
False,16,0.71,2,3,34.04,accept,4,2,51,38.5
False,18,0.52,6,1,26.26,accept,8,2,79,104.57
True,13,0.74,4,8,25.73,accept,6,2,59,14.44
False,12,0.56,2,8,28.45,accept,4,2,51,29.63
True,15,0.6,4,4,19.72,accept,4,0,95,70.15
False,10,0.21,6,0,40.4,reject,0,0,85,0.0
True,12,0.63,2,5,33.01,accept,4,2,69,-4.93
False,13,0.97,4,7,23.73,accept,4,0,62,2.47
False,11,0.5,5,3,41.45,accept,6,1,66,213.41
True,11,0.48,4,0,47.37,accept,6,2,61,195.52
True,18,0.46,5,2,49.02,accept,8,3,80,208.02
True,10,0.47,6,0,43.25,accept,6,0,99,290.06
False,10,0.41,4,7,28.16,accept,4,0,65,121.06
False,12,0.74,4,3,32.79,accept,4,0,61,65.19
False,14,0.46,2,4,27.42,accept,6,4,53,-7.27
False,16,0.63,6,2,39.49,accept,6,0,68,271.7
True,12,0.88,4,25,26.7,accept,4,0,79,47.42
True,12,0.53,1,9,35.74,accept,8,7,61,-64.25
True,16,0.73,6,1,34.72,reject,0,0,95,0.0
True,12,0.44,6,9,53.39,accept,6,0,68,358.3
True,21,0.7,2,7,39.98,accept,2,0,85,71.6
True,13,0.82,6,6,35.49,accept,6,0,68,128.34
False,12,0.73,6,4,38.23,accept,8,2,53,106.82
False,12,0.57,4,0,17.4,accept,4,0,51,58.08
False,15,0.62,5,10,25.71,accept,8,3,77,89.95
False,19,0.75,4,0,42.03,accept,4,0,75,98.85
True,12,0.74,4,7,29.4,accept,4,0,72,60.17
True,16,0.44,2,1,48.42,accept,4,2,66,62.0
True,13,0.55,4,9,32.8,accept,4,0,72,112.71
False,16,0.61,2,6,41.42,accept,2,0,47,72.89
False,13,0.6,6,4,40.51,accept,6,0,74,291.41
False,12,0.48,4,4,39.5,accept,8,4,41,94.07
False,22,0.67,6,6,39.51,accept,6,0,68,244.66
False,12,0.51,6,10,29.21,accept,6,0,72,206.0
True,12,0.55,6,0,29.87,reject,0,0,71,0.0
False,12,0.69,6,10,31.23,accept,6,0,64,170.13
False,16,0.55,1,4,37.96,accept,8,7,65,-71.12
False,12,0.61,1,5,53.24,accept,4,3,39,-44.62
True,17,0.35,4,15,39.99,accept,4,0,71,165.85
True,11,0.58,4,5,41.56,accept,4,0,80,194.4
False,12,0.4,2,2,34.15,accept,6,4,54,5.82
False,13,0.74,4,1,26.66,accept,4,0,52,40.46
True,15,0.56,4,0,29.96,accept,4,0,90,110.48
True,13,0.81,2,8,25.44,accept,6,4,51,-57.24
False,11,0.43,2,7,51.56,accept,4,2,51,86.7
False,18,0.62,6,0,36.8,accept,8,2,84,151.51
True,14,0.43,2,5,30.84,accept,4,2,64,40.8
False,13,0.48,8,9,25.72,accept,8,0,72,232.32
True,11,0.5,6,4,20.4,accept,6,0,90,143.64
True,11,0.45,5,0,16.28,accept,6,1,80,52.77
False,17,0.47,6,6,15.0,accept,6,0,81,101.85
False,10,0.5,4,3,28.68,accept,4,0,78,112.41
True,16,0.62,4,3,49.15,accept,4,0,89,191.69
False,11,0.59,5,6,41.68,reject,0,0,64,0.0
True,11,0.44,5,1,22.26,accept,6,1,72,75.5
True,16,0.52,6,9,28.62,accept,6,0,97,162.05
False,16,0.6,2,4,34.55,accept,6,4,54,22.44
False,16,0.73,4,9,32.01,accept,8,4,56,78.26
False,21,0.84,6,6,24.76,accept,6,0,85,138.3
True,13,0.11,2,8,29.27,accept,4,2,60,20.38
True,11,0.41,4,20,26.84,accept,4,0,61,98.3
True,11,0.64,6,4,24.39,accept,6,0,76,145.95
True,11,0.38,4,10,31.19,accept,4,0,62,116.26
False,16,0.38,4,3,24.29,accept,8,4,65,20.74
False,11,0.42,4,6,27.75,accept,8,4,50,36.69
True,11,0.2,4,3,24.14,accept,4,0,63,95.2
True,12,0.57,4,3,33.41,accept,6,2,66,126.9
False,12,0.39,6,7,25.54,accept,6,0,69,175.45
True,11,0.52,5,3,25.48,accept,8,3,73,59.9
False,11,0.71,4,5,29.25,accept,4,0,40,95.53
True,15,0.5,4,5,23.6,accept,6,2,86,82.67
True,10,0.51,4,1,38.15,accept,4,0,95,181.99
True,12,0.72,6,1,45.92,accept,8,2,80,156.26
False,16,0.77,6,4,33.4,accept,8,2,88,155.88
True,13,0.48,5,8,35.33,accept,6,1,82,137.46
False,13,0.44,2,10,24.3,accept,4,2,34,16.58
True,16,0.6,8,7,28.25,accept,8,0,95,192.05
False,11,0.5,4,4,31.83,accept,4,0,60,127.85
True,13,0.47,2,1,43.3,accept,2,0,69,72.91
False,12,0.48,4,2,41.3,accept,4,0,55,170.48
True,10,0.48,4,0,23.91,accept,4,0,85,107.8
False,11,0.21,4,5,22.42,accept,8,4,42,31.89
False,20,0.29,4,25,29.24,accept,4,0,69,101.5
True,20,0.27,4,6,23.32,accept,4,0,85,101.39
False,10,0.36,2,4,15.0,accept,8,6,59,-58.24
False,11,0.31,6,4,20.53,accept,6,0,57,105.03
True,20,0.36,2,6,31.09,accept,4,2,74,22.63
False,11,0.59,4,7,21.88,accept,4,0,41,90.19
True,12,0.33,4,5,41.1,accept,6,2,59,122.28
False,11,0.67,4,5,26.19,accept,4,0,52,93.77
True,12,0.34,4,8,38.88,reject,0,0,59,0.0
True,19,0.59,6,1,30.72,accept,8,2,80,182.06
False,10,0.58,2,3,43.14,accept,4,2,59,57.65
True,14,0.44,5,1,27.1,accept,6,1,83,131.91
True,12,0.61,2,8,47.25,accept,4,2,69,14.43
True,20,0.69,4,2,38.11,accept,4,0,87,122.93
True,15,0.72,5,10,48.26,accept,6,1,83,207.52
True,20,0.56,4,4,43.13,accept,4,0,91,152.05
False,11,0.48,4,1,23.86,reject,0,0,49,0.0
True,11,0.84,2,9,55.69,accept,4,2,58,90.57
True,11,0.68,2,7,28.56,reject,0,0,49,0.0
True,10,0.22,4,4,18.09,accept,4,0,76,71.9
False,11,0.4,6,10,24.32,accept,6,0,56,161.93
True,20,0.53,4,7,32.98,reject,0,0,87,0.0
False,12,0.8,2,10,36.65,accept,2,0,51,15.12
False,20,0.53,4,9,15.0,accept,4,0,67,61.95
False,10,0.48,4,9,16.08,accept,4,0,66,60.37
False,12,0.67,4,2,53.77,accept,4,0,42,203.49
False,12,0.44,2,8,36.91,accept,2,0,49,88.39
True,12,0.24,4,10,29.06,accept,6,2,59,71.44
False,14,0.51,2,1,36.24,accept,6,4,55,19.59
True,16,0.57,4,7,30.06,accept,6,2,76,104.52
True,11,0.24,4,6,40.95,accept,4,0,76,170.61
True,12,0.35,5,0,27.82,accept,6,1,83,147.54
True,11,0.47,4,5,34.6,accept,4,0,55,137.47
True,19,0.81,2,8,51.09,accept,2,0,70,44.98
True,20,0.47,4,5,31.03,accept,6,2,78,114.54
True,19,0.36,2,8,37.95,accept,4,2,74,58.53
False,11,0.62,4,6,21.8,accept,8,4,56,39.06
True,10,0.61,4,2,52.51,accept,8,4,85,173.94
False,12,0.76,2,6,23.6,accept,4,2,37,-31.22
False,11,0.52,5,5,35.05,accept,6,1,69,160.56
True,12,0.47,4,5,23.25,accept,4,0,77,82.65
False,11,0.88,2,6,35.51,reject,0,0,36,0.0
False,20,0.34,2,0,29.89,accept,6,4,68,0.37
True,12,0.56,2,3,30.58,accept,2,0,46,56.32
False,12,0.68,4,1,15.28,reject,0,0,59,0.0
True,18,0.53,2,1,22.24,accept,6,4,62,-21.6
True,12,0.5,4,6,42.7,accept,4,0,79,202.44
True,13,0.59,6,6,40.57,accept,6,0,90,199.17
True,13,0.5,4,2,28.75,accept,4,0,67,118.32
False,19,0.82,2,3,32.23,accept,2,0,65,21.0
False,14,0.52,5,4,32.56,accept,6,1,68,146.83
True,12,0.65,6,3,49.7,accept,6,0,80,272.59
True,10,0.73,2,8,24.19,accept,2,0,79,40.82
False,13,0.38,2,3,21.74,accept,4,2,34,5.07
True,12,0.47,2,5,30.79,accept,2,0,67,71.59
False,14,0.15,2,15,45.2,accept,2,0,34,94.08
True,14,0.24,2,4,26.27,accept,4,2,59,30.59
False,20,0.56,5,7,53.44,reject,0,0,70,0.0
True,18,0.5,4,7,28.63,accept,4,0,89,91.91
False,12,0.71,4,6,45.54,accept,6,2,50,104.74
True,10,0.39,4,4,32.77,accept,4,0,82,152.31
False,14,0.59,4,3,17.46,accept,4,0,52,80.15
True,10,0.15,4,9,27.44,accept,8,4,91,50.37
False,12,0.43,1,3,21.49,accept,4,3,44,-21.34
True,16,0.45,4,3,38.26,accept,6,2,92,123.64
False,12,0.61,4,4,15.0,accept,4,0,46,-1.22
True,13,0.84,2,0,30.19,accept,4,2,60,-25.0
True,12,0.65,4,10,33.12,accept,6,2,72,61.57
False,14,0.75,5,0,29.04,accept,6,1,50,129.77
False,12,0.68,5,1,19.61,accept,8,3,61,11.95
True,13,0.74,6,8,15.0,accept,6,0,90,54.17
True,13,0.61,2,0,19.4,accept,4,2,56,-44.65
True,14,0.49,5,0,26.96,accept,6,1,72,139.27
False,12,0.76,2,7,54.78,accept,4,2,30,12.37
True,12,0.58,4,1,28.41,reject,0,0,62,0.0
True,11,0.51,2,4,36.19,reject,0,0,52,0.0
True,17,0.64,4,0,20.48,reject,0,0,93,0.0
False,11,0.44,4,0,40.52,accept,4,0,54,189.93
True,14,0.62,5,3,33.25,accept,8,3,67,125.89
False,17,0.77,2,10,22.94,accept,2,0,60,42.52
False,12,0.65,4,1,48.24,accept,4,0,56,122.11
True,20,0.48,2,4,46.87,accept,2,0,73,85.68
True,12,0.71,2,0,25.24,accept,4,2,67,-37.12
False,14,0.27,2,7,44.27,accept,6,4,32,23.88
False,11,0.39,2,3,35.39,reject,0,0,42,0.0
False,13,0.54,4,9,32.71,accept,8,4,46,45.56
True,11,0.49,2,4,30.28,accept,8,6,55,-38.05
False,20,0.39,2,8,47.85,reject,0,0,48,0.0
False,18,0.88,6,2,49.54,reject,0,0,83,0.0
False,12,0.46,4,3,22.26,accept,6,2,47,44.48
True,11,0.74,2,7,46.16,accept,8,6,60,-15.9
False,12,0.59,2,10,29.1,accept,6,4,54,-12.24
True,12,0.78,4,3,15.0,accept,4,0,75,20.74
True,11,0.76,6,8,27.31,accept,6,0,77,178.69
False,11,0.55,6,7,33.36,reject,0,0,51,0.0
True,20,0.62,2,3,38.17,accept,4,2,69,7.6
False,13,0.72,2,9,38.13,accept,4,2,44,-12.94
True,11,0.69,2,6,38.33,accept,2,0,46,78.25
True,18,0.69,2,9,51.96,accept,4,2,66,93.74
False,18,0.73,4,10,51.78,accept,4,0,78,175.04
True,13,0.48,5,8,21.64,accept,8,3,80,74.71
True,19,0.57,8,9,21.42,accept,8,0,91,151.91
False,18,0.36,5,5,51.85,accept,6,1,76,207.74
False,18,0.74,4,4,43.23,accept,8,4,63,142.02
False,14,0.67,4,7,44.08,accept,4,0,51,179.16
False,18,0.66,5,7,49.62,reject,0,0,63,0.0
False,12,0.77,4,1,20.52,accept,4,0,56,39.83
False,13,0.65,2,10,29.06,accept,2,0,32,1.29
False,14,0.34,4,6,50.3,accept,4,0,51,223.38
False,11,0.83,4,0,22.51,accept,4,0,45,84.49
False,12,0.74,8,2,18.19,accept,8,0,82,76.16
False,14,0.49,2,3,31.15,accept,4,2,34,33.98
True,18,0.5,4,6,46.64,accept,4,0,82,149.94
True,15,0.77,4,8,31.83,accept,4,0,75,146.09
False,18,0.79,4,1,34.06,accept,6,2,55,101.77
True,12,0.61,4,6,31.39,accept,4,0,57,85.61
True,14,0.52,2,9,33.52,accept,4,2,70,34.9
False,11,0.35,2,9,29.08,reject,0,0,47,0.0
True,18,0.92,8,3,25.61,accept,8,0,96,200.45
False,13,0.54,6,3,28.68,accept,6,0,62,163.6
True,12,0.52,6,2,25.56,accept,6,0,69,123.31
False,17,0.37,2,2,30.6,accept,2,0,56,57.14
True,17,0.54,2,7,46.45,accept,4,2,69,68.12
True,11,0.64,4,4,24.89,accept,6,2,71,79.61
True,17,0.77,8,6,44.41,accept,8,0,96,358.68
True,11,0.79,8,4,44.4,accept,8,0,80,289.43
True,13,0.43,5,2,36.67,reject,0,0,63,0.0
True,12,0.49,6,7,41.18,accept,8,2,73,225.09
True,17,0.73,2,8,28.18,accept,2,0,69,66.68
True,19,0.5,4,6,23.59,accept,6,2,95,50.07
False,18,0.61,4,4,53.38,accept,4,0,64,248.54
True,13,0.53,2,2,32.53,accept,4,2,70,35.6
False,16,0.24,4,8,35.89,accept,4,0,75,134.62
False,18,0.46,4,7,36.1,accept,8,4,57,94.64
False,11,0.75,4,8,38.8,accept,4,0,48,138.38
False,11,0.37,2,5,50.28,accept,4,2,39,77.3
True,17,0.57,4,3,32.83,accept,8,4,87,46.49
True,17,0.67,4,7,40.3,accept,8,4,73,90.55
True,12,0.72,8,7,33.94,accept,8,0,75,244.52
True,16,0.81,4,7,28.69,accept,4,0,70,99.1
True,17,0.44,6,2,26.2,accept,8,2,88,128.19
True,10,0.35,4,0,15.0,accept,4,0,77,67.39
False,18,0.65,5,9,43.48,accept,6,1,74,165.93
False,18,0.76,7,0,39.8,reject,0,0,88,0.0
False,17,0.73,2,10,55.89,accept,4,2,69,101.27
True,18,1.0,2,0,28.17,accept,2,0,84,60.55
False,18,0.44,2,5,28.91,accept,4,2,55,38.95
True,19,0.56,8,8,15.0,accept,8,0,103,130.77
False,16,0.76,4,6,43.9,reject,0,0,75,0.0
True,14,0.6,7,6,35.83,accept,8,1,81,265.17
True,17,0.55,8,5,32.79,reject,0,0,110,0.0
False,17,0.27,4,1,40.61,reject,0,0,58,0.0
False,14,0.75,4,3,59.1,accept,4,0,60,256.65
False,10,0.63,6,9,41.9,accept,6,0,84,224.64
False,20,0.36,4,0,29.3,accept,4,0,58,121.88
True,12,0.82,4,5,38.91,accept,6,2,70,87.97
True,18,0.55,2,5,19.57,accept,8,6,61,-58.17
True,13,0.24,2,2,58.3,accept,2,0,69,126.33
True,18,0.6,7,9,37.34,accept,8,1,87,221.14
False,11,0.5,1,9,48.0,accept,2,1,41,26.2
True,17,0.54,4,7,34.02,reject,0,0,70,0.0
True,11,0.35,2,3,29.67,accept,2,0,55,55.44
False,18,0.83,2,9,27.48,accept,4,2,54,32.78
False,16,0.7,8,2,31.75,accept,8,0,80,254.19
False,18,0.35,4,9,40.93,accept,4,0,77,168.91
True,17,0.42,3,0,32.3,accept,4,1,78,80.37
True,20,0.57,3,1,33.88,accept,4,1,88,106.04
True,18,0.36,4,7,26.98,accept,4,0,94,102.07
True,18,0.62,4,7,44.07,accept,8,4,71,85.78
False,18,0.4,6,0,54.29,reject,0,0,81,0.0
True,11,0.45,6,6,27.17,accept,6,0,86,181.84
False,16,0.67,7,1,47.25,accept,8,1,87,373.46
False,18,0.44,3,0,40.57,accept,6,3,74,84.63
False,18,0.74,4,1,44.89,accept,6,2,65,126.08
True,18,0.77,4,10,15.0,accept,4,0,88,53.53
True,20,0.24,4,6,20.32,accept,6,2,79,38.39
False,11,0.31,4,0,38.12,accept,4,0,44,165.75
False,18,0.73,7,1,36.53,accept,8,1,88,276.16
False,16,0.42,4,5,44.44,accept,6,2,55,169.6
False,11,0.51,4,2,43.39,accept,6,2,40,109.71
False,18,0.47,4,5,48.1,accept,4,0,70,163.38
False,11,0.52,2,8,46.73,accept,4,2,44,46.4
True,17,0.46,3,9,28.74,reject,0,0,72,0.0
False,11,0.39,2,6,38.02,accept,6,4,47,7.66
False,19,0.44,2,6,31.85,accept,4,2,49,27.91
True,11,0.57,4,2,46.74,accept,4,0,62,211.44
False,14,0.67,3,6,26.8,accept,8,5,51,-2.16
True,19,1.0,2,0,51.29,reject,0,0,80,0.0
False,20,0.86,4,6,43.08,accept,4,0,80,100.97
True,12,0.37,8,2,39.18,accept,8,0,81,270.03
False,13,0.39,4,0,25.94,accept,4,0,56,117.17
True,11,0.72,4,7,36.79,accept,4,0,55,123.67
True,17,0.32,8,0,24.11,accept,8,0,95,221.56
True,16,0.74,4,3,41.71,accept,8,4,72,89.68
False,19,0.41,2,2,43.33,accept,4,2,63,47.34
True,19,0.98,7,9,16.67,accept,8,1,98,3.09
True,20,0.88,3,7,33.05,accept,6,3,84,-8.44
False,20,0.78,4,8,37.37,accept,4,0,63,77.56
False,18,0.85,2,0,32.98,reject,0,0,53,0.0
True,18,0.63,8,3,46.48,accept,8,0,115,316.01
False,17,0.66,4,1,42.3,accept,4,0,78,148.7
False,12,0.42,2,9,41.56,accept,4,2,45,38.87
True,11,0.78,2,7,34.77,accept,8,6,59,-25.04
True,18,0.74,8,1,33.88,accept,8,0,106,317.57
True,14,0.62,8,9,33.18,accept,8,0,79,254.07
True,19,0.7,2,0,32.14,accept,4,2,73,-7.68
True,19,0.42,3,10,35.64,accept,4,1,65,77.57
True,18,0.43,2,4,46.93,reject,0,0,63,0.0
False,19,0.58,4,6,31.11,accept,4,0,75,131.5
True,11,0.52,2,0,30.82,accept,2,0,51,71.96
False,11,0.35,2,10,35.84,accept,2,0,43,63.02
False,11,0.6,2,1,38.81,accept,4,2,38,49.86
False,18,0.37,2,10,31.87,accept,8,6,54,-30.14
True,11,0.48,2,0,47.31,accept,4,2,63,81.13
True,17,0.49,2,10,49.55,accept,6,4,60,43.37
False,11,0.73,6,2,36.49,accept,6,0,61,240.3
False,11,0.55,4,7,31.22,accept,8,4,64,84.17
True,20,0.58,2,6,62.04,accept,2,0,80,127.31
False,18,0.82,6,7,41.38,reject,0,0,76,0.0
True,17,0.61,6,9,50.25,accept,6,0,91,337.64
False,17,0.29,6,0,32.55,accept,6,0,69,165.57
False,18,0.54,7,10,35.63,accept,8,1,94,261.3
True,17,0.26,7,0,26.25,accept,8,1,99,186.1
False,12,0.41,4,0,38.29,accept,4,0,64,160.53
False,12,0.72,2,1,52.62,accept,2,0,54,63.82
False,20,0.43,4,7,50.22,accept,4,0,80,237.37
True,18,0.73,2,4,31.92,accept,4,2,80,34.8
True,12,0.18,3,1,39.03,accept,4,1,64,113.77
False,11,0.32,2,3,42.01,accept,2,0,50,93.43
True,18,0.54,2,4,35.72,accept,6,4,68,14.07
True,17,0.42,4,8,35.32,accept,4,0,83,156.63
True,9,0.52,2,4,34.89,accept,2,0,62,61.1
True,9,0.65,2,2,32.71,accept,4,2,71,24.44
False,20,0.53,2,0,43.84,accept,4,2,65,71.15
False,9,0.51,6,6,29.17,accept,6,0,67,202.23
True,18,0.82,2,5,25.7,reject,0,0,73,0.0
True,17,0.82,2,3,46.78,accept,2,0,63,102.8
True,17,0.67,6,4,47.18,accept,8,2,91,293.95
True,13,0.47,2,2,47.73,accept,8,6,51,11.43
False,11,0.43,4,2,49.27,reject,0,0,40,0.0
True,18,0.86,2,4,48.9,accept,4,2,67,73.12
False,9,0.55,2,2,44.62,accept,4,2,61,44.32
True,13,0.94,4,1,23.13,reject,0,0,62,0.0
False,11,0.51,2,3,37.62,accept,2,0,31,80.58
True,20,0.57,4,2,45.11,accept,6,2,87,173.61
False,17,0.76,2,8,53.79,accept,2,0,51,87.4
True,12,0.76,2,4,49.71,accept,6,4,62,1.4
False,18,0.77,4,3,33.77,accept,8,4,69,57.63
False,19,0.78,2,1,37.2,accept,4,2,67,7.03
True,19,0.46,6,0,26.11,accept,6,0,85,173.15
True,19,0.61,4,8,33.13,accept,6,2,83,30.98
False,17,0.46,6,0,30.14,accept,8,2,76,155.86
True,13,0.45,3,8,25.76,accept,4,1,55,62.18
False,11,0.43,1,0,20.2,accept,4,3,44,-23.59
False,11,0.35,2,7,32.9,accept,6,4,49,5.8
True,17,0.51,4,9,39.23,accept,6,2,79,112.19
True,12,0.48,1,7,28.82,reject,0,0,58,0.0
False,11,0.5,2,0,26.58,accept,6,4,38,-5.47
True,17,0.55,2,2,28.17,accept,6,4,62,-1.28
False,18,0.74,4,1,27.57,accept,6,2,64,101.4
True,11,0.41,6,3,21.38,accept,6,0,69,153.06
True,11,0.78,6,6,19.1,accept,6,0,84,127.63
True,18,0.73,2,6,27.32,accept,8,6,74,-41.03
False,17,0.45,4,10,35.51,reject,0,0,66,0.0
True,16,0.56,2,15,43.55,accept,2,0,71,72.63
False,19,0.54,8,4,34.51,accept,8,0,87,261.21
False,11,0.49,1,0,25.57,accept,8,7,37,-80.95
True,18,0.53,3,10,47.97,accept,4,1,79,106.93
False,13,0.4,2,9,29.7,accept,6,4,44,-6.63
True,13,0.61,2,5,34.34,accept,2,0,68,22.06
False,19,0.77,2,3,28.27,reject,0,0,67,0.0
False,16,0.5,2,5,31.86,accept,6,4,45,2.53
True,17,0.71,4,8,50.72,accept,4,0,90,233.15
False,17,0.54,4,2,30.86,accept,4,0,56,123.98
False,11,0.37,2,1,42.17,reject,0,0,50,0.0
False,19,0.74,4,0,16.47,accept,4,0,78,13.17
False,11,0.57,6,3,30.57,accept,6,0,67,180.0
True,17,0.66,4,5,27.69,accept,6,2,74,67.66
False,20,0.59,4,8,28.56,accept,4,0,67,109.65
True,16,0.5,6,4,41.19,accept,6,0,95,287.46
True,18,0.6,2,8,42.81,reject,0,0,85,0.0
False,19,0.77,4,3,21.22,reject,0,0,55,0.0
False,17,0.61,2,2,18.88,reject,0,0,49,0.0
False,16,0.55,4,1,26.5,accept,4,0,70,126.06
False,16,0.5,4,6,37.56,accept,4,0,65,146.17
False,16,0.55,2,5,21.32,accept,2,0,58,48.29
True,13,1.0,2,0,21.89,accept,2,0,63,-48.45
True,13,0.74,2,4,37.08,accept,4,2,48,-14.79
False,13,0.93,4,5,15.0,accept,4,0,41,-51.05
False,19,0.66,2,5,43.69,accept,6,4,60,-9.99
True,11,0.88,2,2,31.74,accept,4,2,49,21.18
False,19,0.88,4,0,28.96,accept,6,2,68,28.05
True,16,0.65,2,10,26.24,accept,4,2,78,23.79
True,13,0.69,4,0,34.0,accept,4,0,65,79.44
True,14,0.77,4,9,40.48,accept,4,0,66,158.85
True,19,0.65,2,6,35.19,accept,4,2,77,-16.4
False,13,0.89,4,3,35.07,accept,4,0,53,100.31
False,10,0.33,2,0,15.0,accept,4,2,65,4.21
False,10,0.72,2,2,23.92,accept,4,2,59,13.83
True,20,0.28,4,10,15.0,accept,8,4,88,-5.46
False,9,0.56,4,0,29.25,accept,6,2,65,73.2
True,11,0.57,3,4,34.64,accept,6,3,70,43.38
False,13,0.53,4,8,27.02,accept,6,2,55,58.5
True,9,0.52,1,0,24.16,accept,6,5,70,-49.27
False,16,0.48,2,10,29.75,accept,4,2,48,26.05
False,11,0.58,2,8,27.05,reject,0,0,49,0.0
False,11,0.58,2,6,16.69,accept,2,0,46,39.06
False,11,0.58,2,10,23.7,accept,4,2,40,18.13
False,11,0.23,4,50,34.29,accept,4,0,46,124.75
True,19,0.58,4,6,35.82,accept,8,4,73,88.4
True,16,0.58,4,10,38.13,accept,4,0,73,136.53
False,13,0.5,1,7,22.16,accept,4,3,44,-22.26
True,13,0.49,2,0,27.48,accept,2,0,51,53.47
True,11,0.59,3,2,23.75,reject,0,0,58,0.0
False,10,0.51,4,5,30.87,accept,6,2,71,104.24
False,11,0.61,4,5,17.72,accept,6,2,60,37.56
False,13,0.67,2,4,60.72,accept,6,4,30,-8.74
True,18,0.68,1,4,31.91,accept,2,1,56,16.19
True,18,0.63,4,7,24.07,accept,4,0,71,95.74
True,19,0.79,2,4,22.97,accept,6,4,76,-59.39
True,11,0.62,4,3,38.47,accept,4,0,64,160.64
True,9,0.63,4,6,26.65,accept,4,0,75,90.31
True,10,0.74,4,2,34.76,reject,0,0,71,0.0
False,13,0.67,2,9,43.13,accept,4,2,39,-2.38
True,10,0.52,2,10,30.24,accept,4,2,83,29.6
False,17,0.54,7,10,19.43,accept,8,1,87,139.47
False,13,0.69,2,3,29.89,accept,2,0,30,-0.68
True,19,0.37,4,5,30.49,accept,8,4,86,69.28
True,13,0.62,2,6,38.1,accept,2,0,47,22.09
True,10,0.44,2,0,32.71,accept,6,4,69,9.26
False,10,0.37,4,0,57.08,accept,4,0,69,240.09
False,10,0.5,2,2,49.51,accept,2,0,47,101.6
False,11,0.49,2,3,26.41,accept,4,2,51,12.59
True,20,0.64,4,0,31.46,accept,6,2,80,21.16
True,10,0.35,6,1,35.79,accept,8,2,82,175.82
True,18,0.72,4,10,35.73,accept,4,0,86,149.04
True,13,0.82,2,8,20.0,accept,2,0,65,-2.26
False,19,0.38,4,10,40.69,accept,6,2,76,140.72
False,19,0.76,4,4,27.79,accept,4,0,56,49.06
True,18,0.63,1,3,46.74,accept,2,1,71,39.04
True,13,0.63,2,6,51.12,accept,2,0,57,32.65
False,18,0.79,4,1,30.19,accept,4,0,78,69.56
False,11,0.62,2,4,31.38,accept,2,0,53,59.69
False,11,0.85,4,0,42.06,accept,4,0,48,140.02
True,10,0.53,6,1,31.82,accept,6,0,104,178.17
True,11,0.59,2,9,38.09,accept,2,0,47,69.68
True,19,0.21,6,3,29.0,accept,8,2,89,158.95
False,10,0.56,4,7,25.48,accept,4,0,79,82.12
True,18,0.76,4,9,20.31,accept,4,0,80,65.36
True,10,0.57,2,3,51.74,reject,0,0,62,0.0
False,9,0.73,2,7,25.02,accept,4,2,53,18.09
True,19,0.36,4,4,17.92,accept,8,4,74,1.53
True,19,1.0,1,15,45.08,reject,0,0,62,0.0
False,9,0.84,4,5,55.28,accept,4,0,63,196.01
False,19,0.62,4,8,35.06,accept,4,0,58,98.27
True,19,0.85,2,0,18.72,accept,4,2,60,-47.44
False,20,0.6,4,0,28.08,accept,4,0,55,108.26
True,13,0.69,4,2,42.89,accept,4,0,72,97.19
True,14,0.38,3,7,42.38,accept,4,1,52,96.8
True,16,0.6,1,0,46.76,accept,4,3,78,-5.68
True,19,0.73,4,9,34.41,reject,0,0,71,0.0
False,19,0.44,4,10,39.05,reject,0,0,72,0.0
False,17,0.65,4,7,19.13,reject,0,0,71,0.0
True,19,1.0,4,0,19.0,reject,0,0,81,0.0
False,11,0.97,1,0,15.0,accept,4,3,44,-31.94
True,17,0.54,1,9,44.76,accept,6,5,77,-34.49
True,18,0.86,2,4,31.37,reject,0,0,76,0.0
True,10,0.76,2,9,24.98,accept,8,6,67,-43.99
True,19,0.79,6,9,20.04,accept,8,2,84,62.66
False,13,0.6,4,3,31.83,accept,4,0,51,139.08
False,10,0.75,4,7,25.21,accept,4,0,68,98.01
True,19,0.56,2,6,39.53,accept,6,4,73,30.13
True,13,1.0,4,9,37.38,accept,8,4,57,-24.18
True,10,0.6,4,5,22.47,accept,6,2,83,59.54
False,19,0.77,6,1,37.82,accept,6,0,70,216.75
False,19,0.7,4,7,15.01,accept,4,0,62,19.68
False,11,0.7,6,10,35.3,accept,6,0,75,195.84
True,19,0.57,4,10,38.39,accept,4,0,82,164.19
False,19,0.73,4,0,21.84,accept,4,0,74,44.76
False,19,0.42,4,9,24.58,accept,4,0,55,117.47
False,19,0.7,2,1,24.41,accept,4,2,53,-24.09
False,20,0.55,4,2,33.68,accept,6,2,60,107.28
False,19,0.89,4,1,32.32,accept,4,0,66,72.83
True,19,0.84,4,8,33.27,accept,4,0,76,103.47
True,19,0.95,4,5,26.26,accept,6,2,79,-9.69
False,11,0.25,4,1,41.23,accept,4,0,50,142.99
False,19,0.55,2,3,33.28,accept,2,0,64,67.2
False,19,0.56,4,5,27.9,accept,4,0,75,99.74
False,18,0.76,6,3,27.37,accept,6,0,80,190.62
False,19,0.55,4,4,24.18,accept,6,2,72,53.94
False,10,0.59,2,3,47.56,accept,4,2,55,59.96
True,11,0.58,4,2,36.97,accept,8,4,77,71.79
False,19,0.58,6,10,26.61,accept,6,0,75,189.57
False,19,0.81,2,1,35.82,accept,8,6,45,-78.72
True,11,0.76,4,3,35.66,accept,4,0,69,164.96
True,11,0.68,2,9,35.75,accept,8,6,59,-30.45
False,13,0.9,4,0,15.0,accept,4,0,41,-47.74
False,10,0.52,1,6,34.26,accept,4,3,56,-5.89
False,13,0.74,4,1,18.85,reject,0,0,65,0.0
True,10,0.68,4,9,40.44,accept,4,0,74,177.51
False,19,0.62,4,1,29.47,accept,4,0,55,87.1
False,11,0.77,4,8,37.92,accept,8,4,60,65.83
True,19,0.93,2,3,18.56,accept,6,4,80,-118.82
True,11,0.73,4,9,35.32,reject,0,0,77,0.0
False,11,0.76,4,9,45.61,accept,4,0,40,163.34
False,18,0.7,4,2,25.75,reject,0,0,63,0.0
True,19,0.67,1,8,28.33,accept,2,1,65,-41.57
False,11,0.43,8,0,34.74,reject,0,0,76,0.0
True,19,0.98,4,3,15.0,accept,4,0,95,-37.89
True,11,0.67,8,9,52.06,accept,8,0,82,489.88
True,13,0.6,4,8,35.45,accept,4,0,69,152.08
True,11,0.47,4,6,32.8,reject,0,0,67,0.0
True,19,0.74,8,9,29.01,accept,8,0,111,181.45
False,11,0.67,2,7,24.27,accept,8,6,54,-43.23
False,13,0.83,8,0,31.33,accept,8,0,60,174.62
True,16,0.63,1,1,21.08,accept,4,3,64,-24.81
False,13,0.72,4,10,50.14,accept,6,2,45,129.29
True,11,1.0,6,6,19.73,accept,6,0,67,121.72
True,19,1.0,5,1,40.34,accept,6,1,96,96.18
False,13,0.44,5,6,29.16,accept,8,3,64,79.31
True,19,0.61,6,9,37.97,accept,6,0,97,215.69
False,19,0.54,8,6,37.12,accept,8,0,93,271.21
False,19,0.65,4,1,45.52,accept,4,0,72,163.38
True,11,0.45,5,5,15.0,accept,8,3,73,19.56
True,11,0.53,6,4,39.37,accept,6,0,81,238.4
True,13,0.84,4,4,34.46,accept,4,0,60,113.65
True,13,0.65,1,10,31.02,accept,2,1,62,-36.27
False,13,0.68,2,5,45.7,accept,2,0,33,44.31
True,19,0.47,5,9,49.54,accept,6,1,98,220.45
True,18,0.9,2,20,29.03,accept,8,6,74,-74.63
False,11,0.67,2,1,15.0,accept,8,6,54,-64.18
True,19,0.76,1,5,43.45,accept,6,5,63,-87.23
False,18,0.68,5,9,42.13,accept,6,1,60,157.37
False,19,0.53,4,2,22.04,accept,6,2,59,64.76
False,13,0.69,4,8,31.13,reject,0,0,63,0.0
False,10,0.62,6,7,23.5,accept,6,0,69,126.38
False,11,0.64,4,9,50.29,reject,0,0,58,0.0
False,19,0.73,1,4,25.36,accept,6,5,57,-99.23
False,19,0.52,4,10,38.76,accept,4,0,55,178.65
True,13,0.49,2,1,22.68,accept,4,2,59,20.9
False,19,0.6,4,20,36.06,accept,4,0,64,143.8
False,18,0.82,4,7,43.39,accept,8,4,69,146.92
True,19,0.63,2,6,21.71,accept,4,2,71,-35.33
True,11,0.57,6,0,39.16,accept,8,2,69,221.64
True,19,0.67,4,10,25.69,accept,4,0,78,33.59
False,19,0.75,1,0,42.65,accept,6,5,52,-90.2
False,19,0.37,1,6,38.43,accept,8,7,61,-73.73
True,18,0.69,4,7,30.34,accept,4,0,72,114.39
False,11,0.78,4,5,35.63,accept,6,2,50,93.38
False,18,0.81,4,7,40.61,accept,4,0,71,133.02
True,19,0.61,8,10,43.87,accept,8,0,93,304.28
False,18,0.7,2,0,45.7,accept,2,0,56,46.45
True,19,0.79,2,6,18.72,reject,0,0,62,0.0
True,18,0.84,8,9,31.36,reject,0,0,104,0.0
True,19,0.81,4,8,28.79,accept,6,2,82,33.09
False,13,0.71,4,4,33.37,accept,4,0,45,66.31
True,11,0.69,4,6,25.81,accept,4,0,62,91.68
False,19,0.94,4,7,45.84,accept,4,0,65,112.19
False,19,0.68,4,6,33.18,accept,4,0,57,58.63
True,18,0.73,2,5,43.91,accept,2,0,79,90.35
False,19,0.63,2,6,36.81,reject,0,0,66,0.0
False,13,0.47,4,0,44.67,reject,0,0,43,0.0
True,13,0.87,2,2,33.49,accept,2,0,50,24.31
False,19,0.77,2,6,31.16,accept,4,2,67,-10.95
False,19,0.89,2,0,22.64,reject,0,0,59,0.0
True,11,1.0,4,0,38.51,accept,4,0,59,182.05
True,13,0.68,6,4,25.78,accept,6,0,67,90.0
True,13,0.75,2,1,32.27,accept,4,2,62,-26.16
True,11,0.63,8,9,39.74,reject,0,0,98,0.0
True,11,0.77,4,2,44.14,accept,4,0,68,159.63
True,13,0.39,4,0,30.47,accept,4,0,68,125.21
True,19,0.52,2,5,47.62,accept,4,2,84,57.14
False,18,0.74,4,3,48.86,accept,6,2,76,187.31
True,21,0.46,4,20,25.18,accept,4,0,90,116.09
True,18,0.29,8,9,53.0,accept,8,0,115,463.64
False,13,0.69,4,7,37.47,accept,6,2,41,55.71
True,18,0.72,4,8,42.77,accept,4,0,77,139.66
False,11,0.84,8,7,24.41,accept,8,0,71,209.85
False,19,0.67,4,6,35.12,accept,4,0,62,72.89
False,19,0.75,6,3,44.86,accept,6,0,84,269.36
False,18,0.58,2,6,21.79,accept,4,2,57,5.69
True,19,0.84,2,7,33.58,accept,4,2,79,-18.59
True,21,0.74,4,1,38.79,accept,6,2,71,103.01
True,11,0.67,4,8,37.62,accept,8,4,61,90.25
True,14,0.45,8,0,24.29,accept,8,0,86,215.67
False,14,0.57,4,6,50.01,accept,4,0,56,186.32
True,14,0.75,4,8,25.9,accept,6,2,68,85.41
False,18,0.75,4,8,19.89,accept,6,2,55,36.05
False,13,0.6,8,2,28.3,accept,8,0,70,248.22
False,14,0.62,4,9,15.0,accept,4,0,54,57.33
False,19,0.84,2,3,32.22,accept,4,2,59,-18.08
False,21,0.5,2,0,36.15,accept,6,4,55,23.72
True,14,0.98,5,4,22.85,accept,6,1,82,84.2
True,19,0.83,8,9,27.51,accept,8,0,101,190.71
False,21,0.81,6,4,52.98,accept,6,0,75,359.7
True,11,0.38,2,25,32.69,accept,2,0,65,71.21
True,11,0.67,4,10,26.73,accept,6,2,63,70.43
True,18,0.69,4,4,31.98,accept,6,2,83,101.91
True,18,0.95,8,2,38.78,accept,8,0,107,314.73
True,13,0.49,8,6,43.2,accept,8,0,77,281.16
True,21,0.4,8,7,50.77,accept,8,0,90,473.52
True,11,0.46,2,10,25.1,accept,6,4,60,-12.49
False,19,0.46,5,7,46.71,accept,6,1,75,184.76
True,19,0.53,2,10,30.2,accept,4,2,79,35.52
False,19,0.4,4,5,28.0,accept,4,0,77,127.31
True,11,0.67,4,7,33.14,accept,4,0,68,127.48
False,16,0.39,2,0,20.83,accept,4,2,51,12.92
True,11,0.85,5,6,44.52,accept,6,1,69,225.2
False,21,0.3,2,2,15.0,accept,6,4,57,-34.92
False,18,0.91,2,6,34.76,accept,6,4,61,2.76
True,14,0.49,4,10,15.0,accept,6,2,68,33.99
True,11,0.6,2,8,15.87,accept,6,4,56,-23.79
True,14,0.55,2,2,24.37,accept,4,2,63,11.06
False,14,0.75,2,0,49.91,accept,4,2,30,70.85
True,13,0.55,4,8,15.0,reject,0,0,77,0.0
False,11,0.92,8,1,15.0,accept,8,0,73,135.48
True,11,0.6,2,9,37.44,accept,4,2,63,33.27
False,16,0.48,6,0,36.36,accept,6,0,75,217.5
False,16,0.4,2,6,31.84,accept,4,2,70,45.77
False,19,0.88,2,1,22.04,reject,0,0,61,0.0
True,16,0.67,2,5,36.93,accept,4,2,66,41.98
True,16,0.61,2,1,29.98,accept,4,2,60,26.85
False,16,0.51,2,2,43.02,accept,2,0,70,72.78
False,14,0.58,6,5,15.0,accept,6,0,74,82.53
False,18,0.69,8,3,38.73,reject,0,0,88,0.0
False,19,0.51,2,8,52.08,accept,4,2,48,59.95
True,16,0.54,4,7,26.64,accept,8,4,92,44.21
True,18,0.5,2,0,28.84,accept,2,0,68,68.8
False,18,0.77,2,0,42.25,reject,0,0,48,0.0
False,18,0.39,2,10,19.67,accept,8,6,45,-44.06
False,14,0.73,2,0,35.56,accept,2,0,48,78.8
False,16,0.49,5,8,28.7,accept,6,1,80,148.66
True,10,0.24,2,7,23.78,accept,4,2,84,19.84
False,19,0.59,2,5,31.79,accept,2,0,67,53.87
True,10,0.64,2,4,28.72,accept,6,4,61,7.67
True,18,0.45,6,1,37.02,accept,6,0,92,224.67
True,11,0.54,2,7,46.77,accept,2,0,61,93.28
True,18,0.63,1,4,41.34,reject,0,0,73,0.0
True,16,0.65,2,5,33.9,accept,6,4,73,1.31
True,19,0.92,2,1,40.84,reject,0,0,61,0.0
True,11,0.79,8,9,15.0,accept,8,0,87,100.65
True,18,0.67,4,9,29.14,accept,6,2,72,97.05
False,16,0.64,6,10,46.15,accept,6,0,69,318.81
True,18,0.62,4,6,43.38,accept,4,0,92,201.88
False,18,0.83,2,8,38.91,accept,4,2,50,48.93
True,19,0.45,2,5,27.61,accept,4,2,61,19.36
False,11,0.6,2,0,34.03,accept,6,4,46,4.13
True,11,0.71,4,0,29.58,accept,4,0,73,138.64
False,19,0.5,2,4,47.35,accept,2,0,69,82.54
False,18,0.75,4,6,34.41,accept,6,2,77,115.12
False,9,0.4,2,0,21.67,accept,2,0,68,48.03
False,14,0.72,2,1,24.38,accept,6,4,34,-20.45
False,16,0.74,2,8,36.16,accept,2,0,67,72.26
False,11,0.82,2,2,23.76,accept,6,4,33,-10.26
True,16,0.75,1,6,21.55,accept,2,1,60,8.96
False,18,0.54,2,1,29.68,accept,6,4,48,4.09
True,18,0.8,2,1,36.37,accept,6,4,79,2.34
False,13,0.41,2,1,32.91,accept,4,2,43,38.83
False,9,0.72,2,1,34.05,accept,4,2,52,40.6
True,9,0.5,2,6,23.78,accept,4,2,71,15.93
False,11,0.77,6,10,30.74,accept,8,2,56,129.55
False,18,0.69,2,1,27.15,accept,2,0,48,13.7
False,16,0.47,2,0,15.67,accept,2,0,53,37.3
False,19,0.83,2,4,41.51,accept,6,4,56,-33.47
True,16,0.58,4,2,41.28,accept,8,4,95,85.53
True,13,0.64,2,1,31.48,accept,2,0,53,15.29
True,14,0.53,2,2,21.32,accept,6,4,60,-24.79
True,16,0.75,2,10,23.14,accept,4,2,83,25.34
False,18,0.53,2,5,26.4,accept,6,4,51,0.78
True,19,0.52,8,7,15.0,reject,0,0,113,0.0
True,19,0.71,2,1,24.36,accept,4,2,74,-24.68
True,18,0.76,2,3,27.59,accept,2,0,66,54.93
False,19,0.54,2,8,28.25,accept,4,2,68,31.9
False,18,0.54,2,1,29.91,accept,2,0,63,58.63
True,19,0.41,6,2,23.84,accept,6,0,87,152.28
False,18,0.63,2,2,15.38,accept,4,2,63,-5.28
True,18,0.72,2,0,33.85,accept,6,4,65,17.46
True,9,0.57,2,3,49.48,accept,4,2,60,55.11
True,9,0.51,2,1,40.5,reject,0,0,79,0.0
False,19,0.67,2,5,25.33,accept,8,6,56,-96.16
True,11,0.6,2,0,24.93,accept,4,2,61,12.37
True,16,0.47,2,10,36.69,reject,0,0,63,0.0
True,18,0.85,6,5,28.65,accept,8,2,88,134.15
False,19,0.76,3,2,40.54,accept,4,1,51,67.72
False,18,0.66,2,2,15.0,accept,4,2,69,-3.06
False,19,0.91,2,9,34.38,accept,4,2,65,-61.69
True,19,0.62,2,7,40.02,accept,8,6,67,-73.93
True,19,0.67,2,4,20.43,accept,8,6,70,-96.15
True,19,0.57,3,4,20.18,reject,0,0,87,0.0
True,19,0.62,2,2,41.91,accept,6,4,69,-22.11
True,16,0.44,2,5,28.31,accept,4,2,74,34.35
True,19,0.9,3,8,31.66,reject,0,0,80,0.0
True,19,0.81,3,6,38.01,accept,4,1,65,64.45
False,11,0.75,2,8,34.46,accept,8,6,41,-14.9
False,13,0.77,4,4,33.43,accept,4,0,55,96.66
True,14,0.53,6,3,30.67,accept,6,0,80,179.81
True,9,0.51,3,4,41.88,accept,4,1,78,109.12
False,18,0.85,2,3,46.08,accept,4,2,70,77.45
True,19,0.63,2,0,36.27,accept,2,0,75,20.39
True,13,0.79,6,0,42.97,accept,6,0,89,167.69
True,13,0.65,4,6,30.33,accept,4,0,70,72.86
False,16,0.76,2,10,23.39,accept,2,0,67,42.62
True,19,0.39,3,0,29.33,accept,6,3,77,41.15
True,16,0.41,4,2,15.58,accept,4,0,84,64.08
True,9,0.95,2,7,46.26,accept,6,4,66,50.59
False,12,0.69,1,0,28.83,accept,2,1,39,-36.51
False,13,0.96,4,0,25.13,accept,4,0,43,11.36
False,18,0.38,6,3,41.8,accept,6,0,81,206.0
False,19,0.71,2,5,20.48,accept,4,2,56,-43.24
True,19,1.0,1,5,29.98,accept,4,3,57,-115.11
False,13,0.71,2,0,55.39,accept,8,6,38,-48.65
True,12,0.55,4,6,33.78,accept,6,2,56,100.69
False,13,0.47,4,6,27.2,accept,4,0,42,116.06
False,12,0.66,2,7,29.7,accept,4,2,52,-27.52
False,13,0.52,1,1,22.75,accept,4,3,46,-18.61
True,12,0.53,3,6,31.36,accept,6,3,56,48.05
False,12,0.82,2,0,38.31,accept,2,0,55,20.38
True,12,0.48,2,2,17.4,accept,4,2,69,0.86
True,12,0.66,2,0,21.56,accept,4,2,54,-31.1
True,12,0.69,2,9,53.2,accept,8,6,60,-35.38
False,9,0.5,2,2,23.82,accept,2,0,61,40.65
True,13,0.55,2,8,47.66,accept,6,4,58,24.82
False,11,0.6,2,5,40.75,accept,8,6,54,-2.35
False,19,0.68,2,1,17.26,accept,4,2,48,-51.87
False,19,0.88,4,6,15.0,accept,4,0,65,1.69
False,9,0.39,1,9,45.64,accept,4,3,63,-1.31
True,18,0.42,2,7,31.85,accept,2,0,72,53.27
False,17,0.31,2,10,53.24,accept,2,0,54,126.78
False,12,0.52,2,2,46.85,accept,6,4,48,24.82
True,19,0.91,2,4,34.17,accept,4,2,84,-65.65
False,17,0.61,3,4,39.5,accept,4,1,66,124.77
True,19,0.83,4,9,42.55,accept,4,0,74,135.83
True,17,0.82,2,1,52.15,accept,4,2,71,91.09
False,11,0.82,4,8,38.28,accept,6,2,43,95.69
True,18,0.74,4,8,34.96,reject,0,0,70,0.0
False,19,0.83,2,9,38.41,accept,4,2,54,9.46
True,19,0.69,2,2,17.51,accept,4,2,85,-38.68
True,19,0.7,3,9,44.96,accept,6,3,71,15.97
False,12,0.75,4,10,32.63,reject,0,0,52,0.0
False,12,0.67,2,0,41.43,accept,2,0,47,48.95
False,19,0.6,2,3,42.56,accept,2,0,55,85.83
True,12,0.41,2,0,39.7,accept,8,6,48,-3.41
True,12,0.63,1,5,26.89,accept,6,5,63,-96.84
True,18,0.49,4,4,31.27,accept,4,0,91,143.12
True,11,0.8,4,1,39.85,reject,0,0,73,0.0
False,11,0.95,3,9,42.85,accept,6,3,49,64.71
True,12,0.63,2,1,40.07,accept,2,0,68,33.0
False,12,0.91,2,8,35.42,accept,4,2,49,-70.79
False,19,0.44,2,1,29.45,accept,4,2,66,25.03
False,18,0.73,6,0,25.52,accept,6,0,65,79.41
True,12,0.65,4,10,27.95,accept,4,0,73,56.62
True,16,0.61,4,9,40.88,accept,4,0,81,158.18
True,12,0.7,4,2,33.75,accept,6,2,59,66.05
False,11,0.73,4,0,36.76,accept,6,2,40,120.83
True,19,0.64,1,6,34.77,accept,4,3,55,-57.68
True,17,0.83,2,3,29.79,accept,2,0,72,52.26
True,19,0.67,2,0,30.4,accept,4,2,67,-9.25
False,13,0.79,6,8,50.55,accept,8,2,74,277.04
True,19,0.44,6,9,28.57,accept,8,2,85,154.32
True,12,0.67,2,5,37.95,reject,0,0,57,0.0
False,10,0.28,4,10,31.56,reject,0,0,76,0.0
True,12,0.47,2,5,32.17,accept,4,2,63,46.83
False,11,0.84,4,4,29.93,accept,4,0,64,117.27
True,10,0.78,6,7,34.92,accept,6,0,94,235.53
True,16,0.71,1,0,37.21,accept,4,3,74,-0.74
True,9,0.47,6,8,27.43,accept,6,0,95,183.76
False,12,0.66,2,7,27.51,accept,4,2,51,-24.38
False,16,0.43,4,7,48.04,accept,6,2,66,141.82
False,18,0.56,2,4,40.98,accept,4,2,61,54.22
False,19,0.56,4,2,36.09,accept,4,0,77,121.97
False,17,0.74,2,4,35.31,accept,2,0,68,67.21
False,10,0.25,5,2,31.11,accept,6,1,84,138.52
False,12,0.67,5,2,34.83,accept,6,1,56,98.24
False,12,0.7,2,0,17.23,accept,4,2,44,-39.75
True,18,0.41,4,6,58.85,reject,0,0,72,0.0
False,18,0.85,2,7,28.56,accept,4,2,53,25.63
False,10,0.48,4,9,37.91,accept,6,2,77,119.99
True,10,0.53,4,8,25.54,accept,6,2,93,61.0
True,18,0.45,2,2,35.55,accept,4,2,72,37.96
True,9,0.54,2,6,39.11,accept,6,4,77,27.52
True,19,0.2,1,3,34.08,accept,4,3,79,-14.72
True,10,0.56,2,9,16.78,accept,6,4,77,-29.21
False,13,0.88,2,0,29.16,reject,0,0,42,0.0
True,10,0.7,1,1,31.5,accept,6,5,66,-37.25
False,18,0.53,2,9,28.59,accept,6,4,61,0.99
True,19,0.77,4,8,33.82,accept,4,0,76,91.56
False,12,0.59,2,9,47.5,accept,4,2,37,59.87
False,10,0.49,4,1,31.31,accept,4,0,72,133.04
True,10,0.23,4,4,39.9,accept,4,0,76,161.17
False,13,0.67,2,2,39.86,accept,6,4,55,-33.38
True,18,0.8,2,5,22.6,accept,6,4,69,-11.09
True,18,0.58,4,2,15.0,accept,4,0,70,64.19
True,12,0.77,2,10,19.51,accept,6,4,69,-65.56
True,15,0.36,2,0,15.0,accept,2,0,74,24.83
False,15,0.51,2,3,33.65,accept,4,2,67,42.95
True,18,0.59,2,7,41.01,accept,6,4,82,28.12
True,18,0.64,2,8,33.7,accept,4,2,78,28.44
False,15,0.57,4,5,49.81,accept,4,0,66,177.6
True,12,0.6,2,0,33.61,accept,4,2,48,33.42
False,13,0.34,2,6,30.23,accept,2,0,39,71.46
True,16,0.56,4,10,25.15,accept,4,0,83,115.7
True,12,0.68,2,4,33.57,accept,4,2,51,-4.44
True,10,0.63,2,2,20.03,reject,0,0,83,0.0
True,15,0.79,2,7,19.34,accept,8,6,71,-43.96
False,15,0.46,5,4,29.84,accept,6,1,83,139.9
False,12,0.62,2,5,48.64,accept,4,2,37,23.69
False,13,0.41,2,5,38.35,accept,4,2,35,39.19
True,12,0.61,2,7,19.54,accept,2,0,59,-9.7
False,13,0.61,2,9,37.64,accept,4,2,35,-8.28
False,10,0.44,5,7,37.4,accept,6,1,65,177.12
True,9,0.37,2,2,15.0,accept,2,0,76,24.45
False,10,0.67,2,10,24.97,accept,8,6,46,-38.95
False,13,0.36,5,4,26.8,accept,8,3,49,113.19
False,10,0.27,5,3,47.58,accept,6,1,75,190.71
True,15,0.75,3,8,30.72,reject,0,0,73,0.0
False,16,0.32,1,20,46.78,accept,8,7,44,-67.27
False,19,0.7,2,2,43.71,accept,4,2,63,3.53
False,17,0.57,4,6,37.12,accept,4,0,55,172.25
False,16,0.32,5,2,26.98,accept,6,1,74,107.53
False,10,0.78,4,6,37.1,accept,4,0,58,148.08
False,15,0.74,4,2,18.86,accept,6,2,58,39.9
False,10,0.65,6,4,25.4,accept,6,0,82,154.36
True,16,0.68,2,8,35.88,accept,4,2,77,51.11
False,10,0.32,5,7,23.98,reject,0,0,77,0.0
True,15,0.51,2,8,30.27,accept,2,0,67,63.9
False,16,0.29,4,6,15.0,accept,6,2,76,21.31
True,10,0.45,4,0,44.88,accept,4,0,82,185.5
True,10,0.54,3,2,38.98,accept,4,1,65,116.37
False,18,0.38,1,6,24.39,accept,2,1,42,5.33
False,15,0.63,2,7,40.25,accept,6,4,55,30.06
False,15,0.67,2,4,24.3,accept,6,4,68,-16.4
True,12,0.43,2,7,41.22,accept,4,2,53,42.99
False,10,0.55,1,8,30.2,reject,0,0,40,0.0
False,16,0.45,4,9,36.4,accept,6,2,80,96.81
True,16,0.51,4,5,18.19,accept,4,0,72,76.29
False,10,0.72,1,1,43.95,accept,8,7,65,-69.83
False,10,0.28,1,7,30.28,accept,8,7,43,-80.42
False,13,0.69,2,10,49.37,accept,2,0,43,43.29
False,13,0.46,5,2,40.29,accept,6,1,65,151.86
False,13,0.41,4,8,37.53,accept,8,4,59,98.65
True,13,0.7,1,2,25.79,accept,2,1,58,-36.09
True,13,0.56,2,8,29.28,accept,6,4,59,-3.97
True,10,0.59,1,8,42.46,accept,4,3,62,-1.57
False,12,0.73,4,7,38.44,accept,4,0,60,123.76
False,19,0.3,2,5,34.99,accept,2,0,67,70.59
False,13,0.34,2,8,18.91,accept,4,2,43,10.04
False,16,0.51,2,9,47.13,accept,2,0,62,82.39
True,11,0.49,4,7,27.09,accept,4,0,59,118.44
False,13,0.8,4,8,36.01,accept,4,0,49,73.28
False,16,0.6,4,1,53.18,accept,4,0,77,192.44
False,13,0.32,4,4,37.64,accept,6,2,61,147.53
True,18,0.69,5,6,54.68,accept,8,3,82,197.05
False,15,0.35,2,6,23.61,accept,4,2,54,26.17
True,10,0.47,2,0,29.65,accept,6,4,61,-11.3
False,10,0.64,2,5,37.67,accept,2,0,60,60.84
True,15,0.75,2,9,26.32,accept,6,4,79,-15.37
False,13,0.52,4,2,40.24,reject,0,0,50,0.0
True,12,0.79,4,2,41.05,accept,6,2,80,114.94
False,10,0.61,2,5,52.91,accept,6,4,66,28.96
False,13,0.78,4,0,17.21,accept,4,0,44,27.12
False,12,0.58,4,8,20.35,accept,4,0,43,89.61
True,15,0.64,5,3,22.63,accept,8,3,97,62.6
True,10,0.74,4,2,32.09,accept,4,0,89,112.64
False,15,0.67,4,1,33.19,accept,8,4,68,70.97
False,13,0.75,4,8,30.07,accept,4,0,63,83.76
True,13,0.7,4,4,25.52,accept,4,0,60,51.94
True,15,0.72,2,3,26.49,accept,2,0,73,58.36
True,15,0.71,5,0,41.05,accept,6,1,94,199.89
True,13,0.75,1,6,29.39,accept,6,5,62,-93.79
False,10,0.68,1,1,37.35,accept,8,7,44,-74.13
True,14,0.38,6,1,29.92,accept,6,0,75,154.51
True,16,0.49,1,10,47.19,accept,6,5,56,-22.08
False,14,0.63,4,6,36.49,accept,8,4,65,104.18
False,13,0.74,2,6,56.37,accept,6,4,38,0.32
True,14,0.55,4,3,38.83,accept,8,4,76,124.48
False,14,0.79,2,10,37.01,accept,4,2,35,55.84
False,13,0.54,4,2,53.09,accept,4,0,42,245.17
True,16,0.4,2,9,45.82,accept,2,0,74,85.65
True,14,0.33,2,2,26.87,reject,0,0,63,0.0
True,12,0.55,6,2,33.71,reject,0,0,80,0.0
True,10,0.73,6,6,34.37,accept,8,2,82,184.87
False,14,0.47,4,2,24.93,accept,4,0,40,112.24
True,14,0.56,4,9,36.92,reject,0,0,64,0.0
False,13,0.63,4,2,15.0,accept,4,0,55,6.3
True,14,0.7,2,3,25.04,accept,6,4,50,-17.14
False,18,0.47,4,0,26.85,accept,6,2,74,78.85
True,10,0.85,1,3,35.14,accept,2,1,58,19.52
True,13,0.44,6,5,39.5,accept,6,0,87,261.13
False,18,0.55,4,3,33.68,accept,4,0,56,131.52
True,13,0.33,4,1,28.44,accept,6,2,69,82.28
True,13,0.58,6,3,23.19,accept,6,0,69,159.85
False,16,1.0,5,10,22.84,accept,8,3,70,73.87
